<DATE>;<OPEN>;<HIGH>;<LOW>;<CLOSE>;<VOL>
021224;237.09;238.7;234.32;235.17;45050170
031224;235.29;235.97;230.26;230.8;45313800
041224;231.05;233.79;224.3;224.55;72374990
051224;224.6;233.75;222.82;233.48;86902200
061224;233.63;238.25;231.52;237.84;81003410
091224;239.27;240.51;236.75;237.29;52314320
101224;238;238.01;230.65;230.82;58548350
111224;230.5;234.39;229.22;234.19;64817940
121224;234;235.95;228.52;229.02;59118900
131224;228.89;231.33;227.85;228.7;46091280
161224;228.6;229.05;224.38;225.53;54519260
171224;225.58;227.49;223.72;226.5;45827690
181224;226.72;230.8;224.33;230.15;58002020
191224;230.17;234.99;227.71;229;123831990
201224;229.32;258.98;228.03;257.6;235163880
231224;260;270;256.51;264.9;162588610
241224;264.93;266.79;261.02;264.34;83747800
251224;263.64;273;260.31;271.69;125501440
261224;272.02;274.25;269.1;269.56;75523970
271224;269.69;272.16;268.57;271.2;52121690
281224;271.37;273.99;270.4;272.83;39560080
301224;273.99;279.49;273.7;279.43;52353840
030125;279.99;280.41;271.8;272.25;42928720
060125;270.88;274.41;270.07;274.37;28260720
080125;273.39;277.87;273.09;277;26185200
090125;276.89;278.77;270.73;271.8;52866520
100125;272.32;279.53;270.27;278.77;71104590
130125;280.65;284.75;278.6;279.8;66252420
140125;279.82;282.36;277.41;279.85;45983040
150125;280;282.82;276.06;282.77;52822640
160125;283.72;284;281.18;281.8;49321630
170125;282.2;284.64;280.19;283.53;51815780
200125;285.11;286.23;277.61;278.19;67543880
210125;279.39;281.85;276.32;281.85;40374630
220125;281.94;284;280.2;280.36;47032130
230125;280.79;280.79;277.35;280.49;38509890
240125;281;282.75;279.25;280.74;32083360
270125;280.72;280.97;275.01;275.23;39028630
280125;275.25;279.26;274.01;278.35;39024990
290125;277.95;282.18;277.12;280.36;39150990
300125;280.37;282.5;280.36;281.97;28018670
310125;281.83;284.11;280.27;280.73;40327370
030225;280.21;280.35;278;279.55;30335260
040225;279.55;281.41;275.7;277.4;23982810
050225;277.3;283.89;275.34;282.88;43063150
060225;283.89;288.92;282.09;287.15;69290140
070225;287.66;288.9;285.08;285.81;27610110
100225;287.64;294.55;287.61;289.94;72903060
110225;290.42;294.1;289.3;294.06;55991750
120225;294.3;314.4;291.3;314;185802940
130225;315.61;318.72;307.2;310.1;116571990
140225;315.59;317.84;303.06;309.87;126690930
170225;314;319.55;312.31;319.5;84607980
180225;319.9;320.92;310.21;312.95;84855800
190225;313.53;317.25;311.01;315.91;50473290
200225;315.91;317.96;314.02;315.05;33153140
210225;315.48;316.69;312;314.74;32724140
240225;314.93;316.4;313;316.03;35706150
250225;316.03;318.59;315.62;316.97;38812180
260225;317;317.45;308.31;310.22;73822090
270225;310.22;312.45;305.43;307.1;60919290
280225;306.01;310.4;304.05;309.63;65631160
010325;309.84;310.94;309.47;310.11;1138430
020325;309.5;309.63;306.8;307.44;1885110
030325;306.45;307.92;300.2;305.5;66383120
040325;306.43;318.5;306.14;316.4;88099480
050325;316.5;318.3;313;313.56;57710050
060325;313.63;317.43;313.57;315.18;31957120
070325;315.3;321.87;310.69;316.92;110870150
100325;317;320.63;316.37;317.57;39294670
110325;317.78;321.98;315.57;319.69;64926270
120325;319.8;320.9;315.8;318.39;41920410
130325;318.39;320.5;312.5;316.37;78546460
140325;315.91;321.1;314.12;320.51;51691040
150325;320.69;321.3;319.82;320.74;1455280
160325;320.52;323.5;320.52;323.44;5680630
170325;323.45;326.97;322.62;326.02;58625040
180325;326.19;329.77;323.82;324.06;72941970
190325;324.49;326.88;322.3;325.3;39792530
200325;325.41;326;321.8;324.05;42352140
210325;324;326.08;322.15;323.26;28693860
240325;323.26;323.94;318.51;319.47;33031030
250325;320;322.2;314.65;319.8;48324870
260325;320;320.88;315.01;315.23;20575860
270325;315.8;317.16;311.95;311.96;36144680
280325;311.95;313.65;305.65;308.04;51856020
290325;307.8;308.3;302.64;303.89;5739820
300325;303.2;305.3;298.8;299.22;9158830
310325;300.07;310.88;300;309.72;48301070
010425;310.01;312.9;302.7;303.24;46073820
020425;303.22;306.5;301.21;306.11;40192400
030425;306.28;309.2;296;302.09;52379750
040425;303.55;304.37;284.4;285.35;88534980
050425;285.25;287.03;280.11;284.98;14100160
060425;285.35;290.47;284.22;290.35;8755880
070425;285.3;294;275.76;287.56;125059850
080425;290;294.66;281.5;282.03;65473560
090425;280.91;294.48;276.33;293.4;109320240
100425;294.09;296.75;288.27;292.46;62750700
110425;292.8;300.48;292.8;299.81;50415310
120425;300.18;301.8;300.03;300.95;4615240
130425;300.88;301.99;300.01;301.49;4079210
140425;301.49;302.4;295.13;296.5;34689330
150425;296.51;300.45;295.6;297.99;24246330
160425;298.09;303.3;296.06;300.8;30083090
170425;301;305.07;300.41;304.8;37528700
180425;302.7;303.85;296.25;300.01;46057000
210425;302.67;308.7;301.76;308.12;51188620
220425;308.5;315;306.55;312.25;64466770
230425;313;314.98;305.55;310;58824230
240425;310.78;312.8;309.09;310.16;24105720
250425;310.89;317.87;310.71;316.69;51669060
260425;318.42;320.26;317;317.58;9511000
270425;318.2;318.97;317.39;318.18;2238080
280425;318.36;320;313.52;314.23;52304570
290425;314.94;315.45;308.1;309.41;30218510
300425;309.4;309.95;303.12;307.8;41262390
020525;307.73;307.73;299.7;299.96;19718480
030525;299.9;302.24;299.52;300.7;2942530
040525;300.7;302.78;300.02;301.8;2867700
050525;301.82;302.59;291.66;294.64;45487870
060525;294.65;304.75;292.05;302.02;49317710
070525;302.51;304.24;300.56;302.79;29655240
080525;302.99;306;300.61;302.15;20809880
100525;303.53;304;301.7;302.38;2084470
110525;305.85;307.64;304.55;305.48;8172680
120525;307.55;311.49;307.26;310.81;34653810
130525;310.8;312.5;309.61;311.24;24729810
140525;311.5;313.71;304.04;304.21;27149310
150525;304.21;307.77;300.49;304.72;47415670
160525;304.71;308.88;296.56;306.34;63950560
170525;306.34;309.48;306.01;308.89;4795590
180525;309.67;311.86;309.3;311.15;5402510
190525;311.48;313;306.34;308.33;44482040
200525;308.88;309.55;304.7;306.16;19804720
210525;306.18;307.56;302.89;303.98;20454350
220525;304.03;305.6;299.17;302.66;35011620
230525;302.8;305;301.33;302.22;17168890
260525;302.23;302.49;295.5;297.77;34610630
270525;297.68;299.9;293.08;298.7;25752260
280525;299.06;308.82;299;308.47;47995510
290525;308.65;309.95;305.66;306.65;24021920
300525;306.5;310.29;305.01;309.3;21903940
310525;309.31;309.84;308.31;308.74;1459500
010625;308.69;308.69;300.51;303.14;11904960
020625;302.6;311.99;302;309.63;41186650
030625;309.7;314.88;309.39;313.55;34901410
040625;314.04;318.29;311.17;313.23;53773500
050625;313.78;318.59;313.53;317.96;28353280
060625;318.35;325.43;312.52;313.13;102005180
070625;314;314.95;313.72;314.65;2022260
080625;314.66;314.88;313.61;314.35;1618500
090625;314.7;315.51;310;311.17;30107660
100625;311.22;313.3;307.55;308.68;27810150
110625;309.45;313.6;308.03;312;26270980
130625;313.29;313.39;309.53;310.2;13401660
140625;310.21;311.17;309.55;310.29;1445960
150625;310.97;311.4;309.74;310.09;1949530
160625;310.2;314.37;309.81;311.5;21320550
170625;311.62;314.93;310.5;313.56;23299910
180625;313.6;314.82;311.63;313.38;17594740
190625;313.5;316.45;312.14;312.46;30296920
200625;312.46;313.59;309.3;309.7;22034460
230625;310.71;311.44;308.04;310.17;15883280
240625;310.31;312.02;309;311.37;18991270
250625;311.6;314.29;311.57;313.78;20227180
260625;313.79;314.5;312.74;312.84;12960060
270625;313.31;315.5;313;315.18;19031620
280625;315.2;315.67;315.11;315.31;890790
290625;315.32;317.5;315.31;315.95;2641730
300625;315.95;317.7;314.6;316.15;26582520
010725;316.64;319.6;316.3;318.42;21878980
020725;318.96;319.85;317.41;319.43;20701250
030725;319.53;321.5;318.74;319.17;20286790
040725;318.85;321.41;317.5;319.44;17811390
050725;319.5;320.6;319.5;319.55;671870
060725;319.65;319.7;319.29;319.37;416040
070725;319.38;319.94;312.82;313.5;29913000
080725;313.34;315.31;309.6;309.71;25532140
090725;310.01;312.3;307.6;310.09;29871070
100725;310.77;315.07;310.5;314.01;23711960
110725;314.5;317.88;308.85;309.88;39276450
120725;310;311;310;310.2;873720
130725;310.5;310.91;308.8;309.44;1066040
140725;308.96;318.85;304.38;317.97;59042270
150725;318.16;320.43;316.6;319.99;40470270
160725;320;322;319.54;321.58;36861670
170725;321.26;329.23;321.19;327.05;91182020
180725;300.45;309.4;300.25;309;115982520
190725;309.69;313.91;309.59;312.42;9029970
200725;313.49;313.78;312.05;312.58;4921320
210725;312.99;314.56;309.31;310.4;44824260
220725;310.65;311.72;308.55;310.67;26942000
230725;311;314.49;310.78;313.08;37399400
240725;313.09;313.99;309.75;310.83;27841890
250725;310.86;311.76;306;308.93;50866870
260725;309.35;309.95;308.86;308.91;1339260
270725;308.86;309.15;308.12;308.83;1768030
280725;309.44;309.45;303.54;303.97;38627240
290725;304.77;308.26;303.05;305.26;30696940
300725;305.58;306.2;303.2;303.3;14499120
310725;303.9;305.79;302.81;304.95;19884770
010825;305.41;307.5;302.89;304.22;25320049
040825;305.3;308.12;304.5;307.95;28420639
050825;307.98;308.67;305.25;307.38;21486455
060825;307.51;312.96;303.33;310.22;59941194
070825;310.23;316.5;308.76;313.43;72068589
080825;314.66;317.98;312.6;317.97;34939213
110825;321.75;322.9;317.05;317.82;42213786
120825;318.16;318.99;316.6;318;18763803
130825;318.32;319.7;317.05;317.51;21125332
140825;317.62;319.2;314.81;318.73;26458386
150825;318.89;320.5;318.45;319.4;26069497
160825;316.86;316.88;310.03;315.17;10296497
170825;315.5;315.8;314.8;314.97;1902692
180825;315.06;319.89;314.3;318.38;35029143
190825;318.98;319.73;316.29;316.5;21834755
200825;316.53;317.51;313.02;314.17;18650993
210825;314.17;315.1;309.28;309.98;30810938
220825;310.14;312.49;309.75;312.05;15490678
230825;312.11;312.5;311.55;312.3;567839
240825;312.3;312.45;311.5;311.84;730827
250825;311.84;312.3;308.75;311.42;15297434
260825;311.3;314;310.5;311.79;11282272
270825;311.99;313.78;311.06;312.78;11687151
280825;313.03;314.5;310.12;310.82;20307465
290825;311.19;311.82;308.95;310.04;14851826
300825;309.99;310.54;309.71;309.92;780762
310825;309.92;311.24;309.92;310.99;1093718
010925;310.86;312.5;308.82;309.2;11035733
020925;309.19;310.1;307.05;308.44;17403266
030925;308.47;309.68;307.21;309.49;10479152
040925;309.62;310.8;307.5;308.74;12845736
050925;309.1;311.16;308.8;310.5;11645345
060925;310.5;310.9;310.1;310.13;654610
070925;310.13;311;310.13;310.69;734383
080925;310.44;313.26;310.31;312.83;16946837
090925;313;314.25;311.62;313.06;17113048
100925;313.63;313.63;309;309.76;19280818
110925;309.81;310.77;305.8;307.11;29434965
120925;307.5;308.72;302.53;303.5;39312689
130925;303.61;303.8;302.65;302.84;1279027
140925;303.18;304.25;302.72;303.97;1566130
150925;304.02;304.75;300.71;302.48;21938052
160925;303.03;304.2;299.7;301.8;26097766
170925;301.8;305.92;299.8;304.5;31415033
180925;304.7;305.05;300.66;301.68;27534217
190925;301.6;303.8;294.61;294.84;38916779
220925;295.76;299.3;292.16;298.05;41168282
230925;298.4;300.11;290.39;291.6;33984637
240925;291.8;296.64;288.4;293.31;47754214
250925;293.87;294.89;289.5;289.9;20997166
260925;290.2;292.79;288.52;291.33;22636605
270925;291.03;292;291.03;291.69;723038
280925;291.69;291.85;290.95;291.08;596818
290925;291.44;295.5;286.5;287.57;34949467
300925;287.7;289.88;285.24;288.36;29380150
011025;288.82;290.39;285.11;286.4;22893088
021025;286.4;287.15;282.8;285.22;28015457
031025;285.7;287.32;282.58;282.91;17097324
041025;283;283;279.39;280.4;5632692
051025;280.4;282.13;279.14;281.99;2450371
061025;282.4;291.17;281.82;290.56;36475432
071025;290;295.87;288.75;293.89;37883967
081025;293.95;295;278;281.9;75217775
091025;282.7;290.45;278.75;289.37;76138824
101025;289.8;289.95;284.1;285.12;34166646
111025;284.4;285.31;282.22;285.16;2386239
121025;285.12;286.85;285;286.81;1662362
131025;286.9;288.75;282.35;285.39;33198626
141025;285.5;286.99;282.05;283.3;22302785
151025;283.93;285.39;282;283.74;22411193
161025;283.9;304;282.4;302.91;94000521
171025;303.23;305;299.76;300.91;45255190
181025;301.3;304.8;301.3;304.18;6838786
191025;304.22;304.87;302.24;303.03;3301013
201025;303.96;306.15;302.71;304;24644648
211025;304.15;304.43;290.5;295.47;70641566
221025;295.53;295.77;286.76;290.02;43142080
231025;286.93;291.98;285.21;291.8;38674747
241025;292.16;294.93;286.3;287.55;47895884
271025;287.47;287.99;282.46;283.17;35144857
281025;283.22;290.7;281;289.46;36963981
291025;290.49;291.51;288.15;290.5;21746069
301025;290.49;298;289.13;296.12;37765828
311025;296.04;297.97;290;291.89;31672518
011125;292.02;294.42;290.35;293.7;12821669
031125;294.2;300;294.2;298.04;17961575
051125;297.65;298.82;293.88;295.7;33696579
061125;295.73;296.93;292.01;294.27;24013733
071125;293.72;298.09;292.52;296.84;22036536
081125;297.27;298.44;296.7;297.93;3197476
091125;297.93;298.35;297.59;297.97;604540
101125;297.95;302.79;297.36;300.46;39169967
111125;300.86;301.87;298.06;301.12;21484002
121125;301.2;301.89;296.81;299.09;24321750
131125;299;301.53;297.67;299.09;16848413
141125;299.09;299.7;295.5;297.44;19654461
151125;297.44;297.89;296.8;297.17;665258
161125;297.1;297.2;296.66;297;527655
171125;296.28;296.55;293.64;294.68;21333008
181125;294.68;302.86;293.33;299.44;47258651
191125;300;309.9;298.66;304.75;60125962
201125;304.76;308.88;301.78;307.89;42348818
211125;308.4;309.23;304.22;306.7;32303106
241125;308.67;309.95;303.7;305.87;26479683
251125;306;307.97;303;306.6;29431770
261125;306.48;306.87;304;304.96;12924058
271125;305.46;306.25;297.33;299.53;34514889
281125;300.82;305.26;299.05;304.17;24753297
291125;304.32;304.97;303.76;303.88;967797
301125;303.86;305.43;303.6;305.23;1979918
011225;305.45;306.48;303.01;305.49;13409453
